day,sentiment_mean,sentiment_std,subjectivity_mean,subjectivity_std,counting
2025-10-01,-0.606748636582313,1.0,-0.41813411030914305,1.0,1.0
2025-10-04,0.12115982017290546,1.0,-0.7593478748022001,1.0,1.0
2025-10-06,0.21393939393939393,1.0,0.49757575757575756,1.0,1.0
2025-10-07,-0.2613879720584393,0.15759025488800305,-0.6819707143579588,0.4247496411888673,2.0
2025-10-08,-0.8976729377885256,1.0,-1.5136035589061902,1.0,1.0
2025-10-09,0.4106344276944122,0.48188738635845035,-0.02731869755280079,0.8029186095775612,3.0
2025-10-10,0.621213368962847,1.0,-0.01000588184714858,1.0,1.0
2025-10-11,-0.4500424962396513,1.0,-0.7420293730444892,1.0,1.0
2025-10-12,-0.7071067811865477,1.0,0.7071067811865466,1.0,1.0
2025-10-13,-0.020772290209000357,0.5795070403066711,-0.2803199561888457,0.7227916413467376,8.0
2025-10-14,0.34110661512485385,1.3095627397931688,-0.45316214468051885,0.9906247371967689,8.0
2025-10-15,0.5128311237697161,0.8077949735527216,0.3533908952231862,1.0573395254000693,6.0
2025-10-16,-0.6223649080925872,1.2107083110134105,0.5783943992882538,0.8492590079170041,6.0
2025-10-17,0.027494730300731084,0.7392236647353716,0.29857091081144177,0.5960204790045585,5.0
2025-10-18,0.6514963839672234,1.7792453559909631,0.5685537663911647,0.313772150348811,3.0
2025-10-20,-0.13351399891064733,0.7264039290168492,0.33230309046837114,0.9048317956264801,10.0
2025-10-21,0.6812096324392348,0.6371446563584066,0.18162390744101084,0.729851698072249,4.0
2025-10-22,-0.6041869015444561,1.0970549642349658,-0.4858516519139104,1.294024143360409,5.0
2025-10-23,-0.2921880515302059,0.6057064614855332,-0.20744284113288652,1.424208990505756,4.0
2025-10-24,-0.1357805673531895,0.4268470724538875,-0.8759881714433071,1.2920243599918162,4.0
2025-10-25,0.5292644657388296,0.8452388470254136,-0.11003132256361922,0.8586333041468501,2.0
2025-10-26,0.8367975042962406,1.249729662566433,0.18150680080364068,1.3959476194996123,6.0
2025-10-27,-0.22656826024361,0.45568350514865014,-0.13398169171302557,0.7818084606193024,6.0
2025-10-28,0.15225019060165015,1.043299040477434,-0.10255262969774198,0.9218709888445688,11.0
2025-10-29,-0.05375867377930478,0.8251123609670613,0.12806731316814984,0.5653169323324212,5.0
2025-10-30,0.6642107505945682,1.0892605237898947,0.28503372218138173,0.7842982965823809,3.0
2025-10-31,-0.09687384602297872,0.8995016524201901,0.5551160094069599,1.0879152393249023,9.0
2025-11-01,0.3271908486728985,0.4618301864378584,0.05067629569219682,0.7629335201719317,6.0
2025-11-02,-0.4416207409595539,0.8593903202555487,-0.1510821019229771,0.6109296450313502,4.0
2025-11-03,0.2175481216937608,0.8563545830512345,-0.11208377227148572,0.945248923729116,11.0
2025-11-04,-0.790239776321644,1.4483493124739335,0.12176262942223491,1.451824229138074,12.0
2025-11-05,-0.12840374882564384,1.589223948022669,0.10039438783805368,0.9983666569329211,5.0
2025-11-06,0.08610053787398055,0.6698719237430734,-0.29810210592719716,1.2668992855886547,6.0
2025-11-07,0.44114022026496713,0.4975737703725193,-0.2570364292637648,0.7168880136206205,13.0
2025-11-08,0.5443005286544181,0.4835252173376343,0.643528894796685,0.6035960152605702,3.0
2025-11-09,0.1571875285437594,0.9860039354418875,0.0895058743739012,0.8390454070883302,30.0
2025-11-10,0.0069756971378758335,0.773095864684421,0.2513443019306108,0.8885304731404715,60.0
2025-11-11,0.24355630824108038,0.6629105441680395,0.14328142544776282,0.705507115757659,42.0
2025-11-12,0.022088990147783243,0.9736387325240561,-0.22547684063735352,1.1902976271172847,41.0
2025-11-13,-0.4370801101953634,0.7400626642868798,-0.05801471168442035,0.9235182686682862,4.0
2025-11-14,0.26046614441868426,1.183481658341367,0.01634702517663798,0.9801881108080568,6.0
2025-11-15,-0.4631751498088329,0.5287669980030871,-1.0879700161253927,0.4693179730780827,2.0
2025-11-16,0.0973574372625824,1.0715732414521695,0.28833031003341714,0.9132167446163352,8.0
2025-11-17,-0.4034732819694464,0.4006916609280373,-0.40926777981287243,0.9854058987388902,11.0
2025-11-18,0.03148937941394401,1.3347367706068665,0.13096424318184466,0.998767539663604,10.0
2025-11-19,0.35552658663728914,1.1976885258967152,-0.030391231686143032,1.4127069559806869,12.0
2025-11-20,0.030348044187349564,0.5380616061845667,-0.4056835462845101,0.8777476652965102,15.0
2025-11-21,0.052512580635139895,0.46735536214778434,-0.522151233352003,0.9186809418585461,6.0
2025-11-22,0.25205238824685555,0.7229577478592404,0.24275182982745136,0.6957394997865932,10.0
2025-11-23,-0.13149354323529283,0.7981564057220343,-0.2170695360808144,1.0510669832683825,6.0
2025-11-24,-0.19911827265577767,0.9201364678278026,0.061897405359989416,0.7191693345650433,12.0
2025-11-25,0.4276609185128741,1.4834981212899363,0.6621562781158098,0.9756087703917781,6.0
2025-11-26,0.18324151594944527,1.0577211239865396,0.13196764360900132,0.9831912677862208,17.0
2025-11-27,0.35448845056980627,1.1436348055147385,0.2503431528566418,0.7745358092529313,18.0
2025-11-28,0.08320099844063623,0.9551355148679278,0.47648650340733384,0.7857533529235007,27.0
2025-11-29,0.26223463784526574,1.012241336883598,-0.27731973944087135,0.9334820053059503,23.0
2025-11-30,0.2606947578455583,1.0818629144923986,0.17064156830031066,0.6656755707979244,41.0
2025-12-01,0.012733203938474392,0.8923980586444106,-0.06360135621696036,0.7543138517874141,31.0
2025-12-02,0.2008064049781539,0.6611280637572405,-0.2894579262918258,0.9175506084439365,33.0
2025-12-03,-0.010559529117125847,0.6970095427153233,-0.1068569338278281,0.9484290098842555,11.0
2025-12-04,-0.3671494491732926,0.3833753115885608,0.14860253663487327,0.7379143894639901,5.0
2025-12-05,-0.1414837043035096,0.626089285416816,-0.2551405243989641,0.8110365538890336,10.0
2025-12-06,-0.30905121091834176,0.8507048378754241,-0.6126682374530926,0.9811862426158948,6.0
2025-12-07,0.29932637148161073,1.0355244553915222,0.35902174693182426,0.5135956098502766,3.0
2025-12-08,-0.3747302003339774,0.6329034079102712,-0.6312481854359902,1.0405422679326715,5.0
2025-12-09,0.29300634087187516,0.8408969406367283,0.062197476804728896,0.8632276225660055,18.0
2025-12-10,-0.02224467933832067,0.5848008111233512,-0.24682571956680213,1.0048090545309782,19.0
2025-12-11,0.12333576455515421,1.0347423332289325,0.13873692329458542,0.9807525170429087,12.0
2025-12-12,-0.2715884991848921,0.9255247039602793,-0.07732660955173197,0.8492100690976325,14.0
2025-12-13,-0.1990335204282156,0.796302139673883,0.06130962314893129,1.1287304979296984,20.0
2025-12-14,-0.12100251067496151,1.2411413162658067,0.10033456396925049,0.9309905676114631,27.0
2025-12-15,0.21712710915865924,0.8820413916866263,0.36792660702178415,1.1267517350801206,10.0
2025-12-16,0.1087318791004168,0.8936518951219432,0.1371364107753975,1.1078550913744196,11.0
2025-12-17,0.3726362286530437,0.6173488396813773,0.13218437654282603,1.1265156711379583,7.0
2025-12-18,0.25135791734287743,0.8860508935764414,-0.08515728928088945,0.8059691554422294,16.0
2025-12-19,0.18516807963671417,0.9386212947819195,0.19410313246386796,0.8933978123771735,10.0
2025-12-20,0.7568457036503247,1.0,1.055570093970542,1.0,1.0
2025-12-21,0.2109756265654453,1.1005190341179236,0.12628578347211214,1.416435066295384,7.0
2025-12-22,0.012272541326577669,0.9018292028189756,-0.2509417216972553,0.9377264507206408,16.0
2025-12-23,-0.33551732489754893,1.0201465468223523,0.08729541878047303,0.925505996990889,19.0
2025-12-24,-0.08515583019189968,1.0355484875316197,0.5499745142435298,0.9051910521174119,23.0
2025-12-25,0.0855248287936702,0.6897162639258542,-0.171592001045657,1.0444252419489701,18.0
2025-12-26,0.2746687208921694,0.710263505684347,-0.12645442249647923,0.9537227489951483,23.0
2025-12-27,0.23561391480976612,0.8010059069775399,0.03811587616070422,0.7314201592530134,41.0
2025-12-28,-0.12911594035881624,0.830583000700099,0.2691496639075714,0.7700205229824053,12.0
2025-12-29,0.320436761376191,0.9954525283763618,0.18425868781913748,0.7443655793912468,15.0
2025-12-30,0.51544850235298,0.6977731803904252,0.2569738877656406,0.6773544448467993,27.0
2025-12-31,0.025517411430313598,0.9068423195587703,0.08762434807449426,0.7886071914610778,22.0
2026-01-01,-0.27710069722084774,0.708077678895595,0.05438640159689019,0.4373833837802352,7.0
2026-01-02,0.5045098768458407,0.9672762118767122,0.21557772423991312,0.9243217840939706,20.0
2026-01-03,-0.3100444471062311,1.2101843886789643,-0.3340506421654582,0.5172926997427791,7.0
2026-01-04,0.19711415719708583,0.5642156365504608,-0.02458640626376817,0.9084711539204731,9.0
2026-01-05,-0.07662790060256854,0.9234635814089386,-0.14457045331090326,1.0767226288740812,19.0
2026-01-06,-0.3620816530697572,0.9428679508389051,-0.2385667243236311,1.0513560323806521,36.0
2026-01-07,0.20136278880685268,1.1028774399809578,0.23016194790547295,0.8565308940671432,11.0
2026-01-08,0.09593276917856774,1.1064669163766572,-0.20049106825067278,1.0247566403250352,24.0
2026-01-09,0.016526525155298642,1.0160122363809252,0.15769876670438654,1.015729679795394,33.0
2026-01-10,-0.6190858347506147,0.8365659069010887,-0.18945625598869387,1.1108299413392106,5.0
2026-01-11,0.17688649744164694,1.3861900674003007,0.005353014581417866,1.2833507261956725,6.0
2026-01-12,-0.2258223978909219,1.2324278073846182,0.4548663854179954,0.9651111964622826,10.0
2026-01-13,-0.0025773679911956287,0.9788588162500697,-0.16398395154226025,0.9460989095583119,18.0
2026-01-14,-0.17529749281868146,0.8436448838617161,-0.1431051109420249,1.0315319793198752,13.0
2026-01-15,-0.17216506964360237,0.7480145780199323,-0.41552637104811385,0.6172002727182915,9.0
2026-01-16,0.37502356110793966,0.8190177210114469,0.21652917273800218,1.2764043538628533,10.0
2026-01-17,0.07432906825301419,1.3469470778262842,-0.42311128669174053,0.6975086729455251,7.0
2026-01-18,-0.3110764322512098,1.0199741110717524,-0.3132616496062316,1.1404929830212707,14.0
2026-01-19,0.03516747621620851,0.7941357966786037,0.29494563245300015,1.0404573192102637,26.0
2026-01-20,-0.31585226951233836,0.8381518048855422,0.1251313485129505,1.1730339143908883,30.0
2026-01-21,-0.08210545633036663,0.6748275570950791,0.11795687733617033,0.7590984186270133,25.0
2026-01-22,-0.3648531262773799,0.83024636343587,0.38142399474657773,0.8187154989719082,40.0
2026-01-23,-0.04506134246521066,0.770658328884126,0.2656939931393034,0.9032193226034109,29.0
2026-01-24,-0.27086558159034146,0.8338298953288658,0.18106732380191687,0.7426888414427965,38.0
2026-01-25,-0.020111154666062763,1.042621443882296,0.26087415673032666,0.9056095005675725,45.0
2026-01-26,-0.11596820247379896,0.9126190559841214,0.2777527237125471,0.9497549431152168,41.0
2026-01-27,-0.41271098707853443,0.7938843190284982,0.5403663938302689,0.7646552949290706,17.0
2026-01-28,-0.3700004209955351,1.0455318824132216,0.004429738740733566,0.8406996384757189,22.0
2026-01-29,-0.010148831125580536,0.8688437218175571,0.08343766157577734,0.9227756978058113,21.0
2026-01-30,-0.030302321153605788,1.0025713415895803,0.2442047363366513,0.8840214884867844,19.0
2026-01-31,-0.21248596726722385,0.33626257222147143,-0.10705749527899042,0.7639750863958409,8.0
2026-02-01,-0.06662403136941701,1.201440047781109,-0.013431010499619827,1.0059469912304018,22.0
2026-02-02,0.0927245304597085,0.8551983953698086,-0.14865738604031584,0.7273980123959267,17.0
2026-02-03,-0.22488459427741317,0.9130910284755874,-0.46302722306025107,1.2150614707177938,18.0
2026-02-04,-0.17921551974231376,0.6231005753685842,-0.004117566291861689,0.8387127171253728,22.0
2026-02-05,-0.11769127369010746,1.1185770982985939,-0.25109391247810525,0.6447747732141016,10.0
2026-02-06,-0.37044008167164616,0.7362406924978122,0.1785352714383858,1.0017349987884994,22.0
2026-02-07,0.898333013589332,0.6539742673573599,0.03043547840267388,0.5157303686629167,4.0
2026-02-08,0.0,1.0,0.0,1.0,1.0
2026-02-09,-0.5791238588090766,0.9464035506716245,0.44432485585798587,1.0863157672154022,7.0
2026-02-10,-0.1437994934191184,0.6048155591663315,-0.09671889213340093,0.8638509747909123,15.0
2026-02-11,-0.08543070931715721,0.708337624414692,0.19730034149936151,0.5690060381837211,11.0
2026-02-12,0.10666216254563636,1.0505822103074716,-0.15468082708091058,0.9018553380945858,12.0
2026-02-13,-0.3088528416835626,0.8062219892057273,0.39585466360056015,0.9648224184991911,22.0
2026-02-14,-0.992980563217407,1.0435252329564921,0.6442206154079269,1.475714967315804,4.0
2026-02-15,0.06541284156172063,0.702165148298567,-0.281316421130294,0.9200596982659464,9.0
2026-02-16,0.011854458258901657,0.6188233693151182,0.32795012104818133,0.8668820002136375,11.0
2026-02-17,0.35041318222553675,1.1896459007054154,0.12968686425001238,0.7242364095908128,27.0
2026-02-18,0.18615566973943065,0.8194392456557836,-0.16536742736298354,0.9499989050298644,20.0
2026-02-19,0.26792510296697836,0.8784306638652486,0.022963746207345252,1.1346159191136758,7.0
2026-02-20,-0.19076120240661024,0.603563371967355,0.18996868043745177,0.5131707302873525,10.0
2026-02-21,-0.009976801091384517,0.6945507964252994,0.09900517044854254,0.5585538992523519,11.0
2026-02-22,0.10821281553544641,0.5479654156175469,-0.19388250720387148,0.62774208473502,18.0
2026-02-23,0.3882396020698283,0.7920468381333404,-0.032759716802786575,0.8569692687336827,37.0
2026-02-24,0.015563555425547456,0.9696505431732092,-0.023598693326297635,1.0404106832450088,36.0
2026-02-25,0.33544160129508993,0.6097676820340241,0.1060707902417803,0.7667086055639409,25.0
2026-02-26,0.15884013318408996,0.8511344112385223,-0.48599117439409023,0.7180971988534112,8.0
2026-02-27,0.2836605008263816,0.5769172613486167,-1.2815523656155614,0.7596014082150279,6.0
2026-02-28,0.2708203066900709,0.5782768367912788,-0.03684984252287057,1.0657716840103775,6.0
2026-03-01,-0.2567837069834671,0.7569210096586676,-0.0828478526025862,1.4793120475149968,8.0
2026-03-02,0.02078897704586466,1.3226588374149626,0.11804878532112471,0.9866645550120513,8.0
2026-03-03,0.05115066619138032,0.655046711337362,0.003381715126208106,0.9226112894365373,14.0
2026-03-04,0.14234118708783974,0.8812745510081407,0.435566798313629,0.7459707791120431,9.0
2026-03-05,0.10156173714643878,0.9615267748275059,-0.7315964920662711,0.7786552012090489,7.0
2026-03-06,-0.022094074047767427,0.843169508708282,-0.552903849086653,0.969404793050783,7.0
2026-03-07,0.311780424675588,1.0,0.31407487653881566,1.0,1.0
2026-03-08,-0.3309509580201458,1.1442385948559957,0.2938808191200634,1.0007234316914593,6.0
2026-03-09,0.25034325996436047,0.420334548350682,0.18600655617547765,1.3274749370235863,9.0
2026-03-10,-0.1491145025366451,0.916889342222247,0.2354781519135804,0.3944394416860215,4.0
2026-03-11,-0.11956494068382398,1.058605034744989,0.6883196569203385,1.2113804171883702,7.0
2026-03-12,0.17956468649018636,0.5130177460184389,-0.05979784388707825,0.5782279317909952,10.0
2026-03-13,0.21828280487176124,0.9063727715483323,-0.14702277533191363,0.7371395461314725,21.0
2026-03-14,-0.5901726526820004,0.5421114929595239,0.16093850384213837,0.824635686203613,9.0
2026-03-15,0.44751732878864603,0.7770598660196223,0.15842883460097296,1.169676293778733,14.0
2026-03-16,0.29134717599886156,1.0534230347315794,0.22366345002271573,0.9419600139253221,25.0
2026-03-17,-0.01728788303330063,0.8684549437623688,-0.17668927480391727,0.6854434417261477,27.0
2026-03-18,-0.022646606511965168,0.32538843222788294,0.08621246552578692,0.6258651803309336,7.0
2026-03-19,-0.7419271829922273,1.2511440236046723,1.3043417726586077,0.2730091477422245,5.0
2026-03-20,0.21909547703478274,1.1515596823909224,0.09029110491397431,0.7820002126820927,6.0
2026-03-21,0.060794580753532175,0.8201600086587817,0.051750422692875775,0.7504863257448728,4.0
2026-03-22,0.05185123895290621,0.5205101988779068,-0.695449647823938,0.8763346139966455,9.0
2026-03-23,0.05776561689680119,1.172550630374998,0.35017808357249475,0.916836566076814,14.0
2026-03-24,-0.4610426428108105,1.0809610060294206,0.186413756027649,0.6100802312423742,3.0
2026-03-25,-0.0968952026917161,0.5808944685838743,-0.07023945171365227,1.402427941104793,7.0
2026-03-26,-0.17687333351589485,0.6672963345396202,0.3666152146398831,0.5464076777228213,5.0
2026-03-27,0.08270046961824223,0.636025479711753,0.3410778715667246,0.8154901684357496,4.0
2026-03-28,-0.047450789464933585,2.0278256039888496,0.19708375109040993,0.7263431848794181,4.0
2026-03-29,-0.17331522480082376,1.0,1.9756472279970654,1.0,1.0
2026-03-30,-0.8005023626361957,0.6087900283795238,0.17037836488265223,0.49637286303605005,6.0
2026-03-31,-0.106957768955142,0.07354422974080037,-0.19212670689740058,1.251351808699277,2.0
2026-04-01,0.046486356231945025,0.44546928985071604,0.2931542705017778,1.1132524555823422,6.0
2026-04-02,0.12486537192859898,1.0775892695562315,0.42316891348986985,0.6755734935592007,9.0
2026-04-03,-0.10957819026767757,0.3781358634628971,0.0973106101707449,0.9848807649979848,7.0
2026-04-04,-0.20366393063525434,0.6562179134019436,-0.47033999315685254,1.1012202959728377,7.0
2026-04-05,0.018425870652272847,0.31335038451103314,-0.22810829886798586,1.2560298754370358,6.0
2026-04-06,-0.6176958594724762,0.6255745303245976,0.010318314287569616,0.9157979873657028,8.0
2026-04-07,-0.30060515961897677,0.7619660201312006,0.4931496723306222,0.6000473034976209,8.0
2026-04-08,0.33554820812823183,1.0258783199512633,0.0058933257131359995,0.5667521459272431,5.0
2026-04-09,0.2494894317292925,0.765343403316562,0.1253148497244317,1.080714933174127,9.0
2026-04-10,0.2057388770514061,1.275867912216008,0.38965864624160135,0.8631708938861753,8.0
2026-04-11,-0.07696750470683038,0.5267385408044644,-0.49142569872078273,0.8799627121657421,5.0
2026-04-12,0.6740583510427115,1.0713290237176425,0.06559257302461301,0.6000154067529146,5.0
2026-04-13,0.24011248815229289,0.9634201240490656,0.2853286486600751,0.9583171795470646,13.0
2026-04-14,-0.7867932665739256,0.4436305162353347,-0.4856856218041198,0.5078141145874532,7.0
2026-04-15,0.8287537977535863,0.954946688275786,0.20167128673494925,0.9227536159024251,11.0
2026-04-16,0.04608623543227093,0.7052512689846548,0.3622834723562762,0.9554025696515906,8.0
2026-04-17,-0.3595810293264271,1.0902572081674629,0.07946968699602328,0.9320421583064552,13.0
2026-04-18,-0.7668362038269075,1.5791733739651637,0.6137847747678172,0.7719933335879797,6.0
2026-04-19,-0.5242475543026716,0.9080929862510316,0.06581418609389426,0.40197326990621396,10.0
2026-04-20,-0.3152573106149448,1.0500378908977837,-0.5891816623371808,0.9087163584209226,5.0
2026-04-21,-0.24415617389250127,0.6124515453472442,-0.5357945702566526,0.8242885858426359,4.0
2026-04-22,-0.07696855237232339,1.0335111103055736,0.055304622549961394,1.0689961253595002,13.0
2026-04-23,0.0657357189164845,1.0983226094903977,0.3256525618373471,0.6518579239124659,11.0
2026-04-24,0.10809567948541646,1.019501721137822,-0.05146806398303502,0.9310701619114872,9.0
2026-04-26,-0.42896848796195064,0.49531041353662353,-1.0068648017247692,0.8483272721645736,3.0
2026-04-27,0.14928261284535888,1.0344379148916159,0.13563656266162538,1.1874887667068557,4.0
2026-04-28,0.34397601173145664,0.9202540767176969,-0.029495763557632716,0.42211644988569774,5.0
2026-04-29,-0.6795319525595399,1.354083682672972,0.11847548429931519,1.058536752403709,6.0
2026-04-30,-0.015379595356342646,0.496705765756887,-0.2604455319685868,1.205363577288161,6.0
2026-05-01,0.36505725651870213,0.6703759404546784,-0.3302729577044481,0.7396472760753539,9.0
2026-05-02,-0.3206429974565708,0.6310825404604863,-0.048413487699295266,0.4512138668781331,6.0
2026-05-03,0.6204333356194315,1.6199928454657346,0.23106609771669123,2.2401569828128762,4.0
2026-05-04,0.23446071483502634,0.6494996508054005,0.35145082924637383,0.9926151343657448,11.0
2026-05-05,-0.09923301301933764,0.9078569786170866,0.44810414160774376,0.6058138724909221,7.0
2026-05-06,-0.727952267834474,1.0961871422035183,0.2505889289506167,0.8289099967184733,17.0
2026-05-07,0.5299055413733103,0.8106606349827072,-0.1223099545840636,0.7601606408297575,8.0
2026-05-08,-0.5267831831291079,0.7432814584825129,-0.15030345843709408,0.997045963928197,7.0
2026-05-09,-0.86665057106304,0.8063223156184213,-0.2228594544384252,0.7796739453915491,5.0
2026-05-10,0.22930706321705147,0.707841324094012,0.1386936015936589,1.1060088142285793,5.0
2026-05-11,-0.07832038187923533,1.126832647405855,0.7108305324765283,0.7595954245025902,6.0
2026-05-12,-0.0008193310204292389,0.696564812109679,-0.08405207849081305,0.8407072923011812,12.0
2026-05-13,-0.029150816783303606,1.085037595758411,0.42524118393528126,0.5120278263813084,7.0
2026-05-14,-0.011370331546759548,0.4469704219502511,0.4236731281702094,0.5736693957779236,10.0
2026-05-15,-0.11950042736395379,0.8536837731164096,-0.35659095907181293,0.6935160132132617,8.0
2026-05-16,0.5971037219929841,1.0,0.17934894537034937,1.0,1.0
2026-05-17,0.7544991204419761,1.0,0.6184811936878415,1.0,1.0
2026-05-18,0.26509823414329986,0.6825491517715304,-0.2797543768433334,0.8086823750520121,5.0
2026-05-19,0.7745449943975478,0.16556532231392612,0.6145659560552416,0.36384557574385895,2.0
2026-05-20,0.16885747252073194,0.8939886230869454,0.10339230849206774,0.8819211344906908,8.0
2026-05-21,0.417825900507224,0.7607058848959934,-0.2954791407843672,0.9307287381241369,13.0
2026-05-22,-0.023976809560517086,0.7915407245824775,-0.8584540660863339,1.0696727490742906,7.0
2026-05-23,0.2594725069803419,1.129030857941534,0.2917830397141844,0.5704477343392268,6.0
2026-05-24,0.46474239363553854,0.6499058555133596,0.35111782026523314,0.4210219729688854,6.0
2026-05-25,-0.45479243405503783,0.237502509270574,0.1910785463235769,0.519031543984648,3.0
2026-05-26,0.4396682959032023,0.23159539534717127,-0.5456887368108754,0.8005677139906631,5.0
2026-05-27,-0.1466031796807425,0.5415952178270061,-0.2392419765328603,0.9559673162516986,7.0
2026-05-28,0.0,1.0,0.29166666666666663,1.0,1.0
2026-05-29,-0.6007333024923532,0.5907374290146196,-0.3205305873543619,0.4848395008537199,2.0
2026-05-31,0.08765752225533303,0.8154885682439424,-0.19359430081980122,0.8645051391188809,5.0
2026-06-01,-0.018593870661825735,0.6603105990331077,0.03127736950075187,0.861366256467437,7.0
2026-06-02,0.22700450739881708,0.5492288582800202,0.039589690844741184,0.7963600831189436,11.0
2026-06-03,0.1833925789054253,0.2470509077443757,0.3397669019640227,0.5640762494341244,5.0
2026-06-04,0.5511337746251777,0.48369667842044767,0.16176076147318832,1.07380356266828,7.0
2026-06-05,0.7717271893272194,1.3037223718724384,-0.10466828036493543,0.6881972480372807,10.0
2026-06-06,-0.742222642972337,0.5576735519824345,-1.0777418879306204,0.33877735284613353,3.0
2026-06-07,-0.03121937344007077,0.9839189683251952,-0.373855788871591,0.690361432174938,3.0
2026-06-08,0.7015857470403293,1.7409138755756988,0.2969246561532912,0.3485159457271896,5.0
2026-06-09,0.28746083698987895,0.7339332434114193,-0.02594063954177949,0.8461548280149606,16.0
2026-06-10,-0.14992097761490863,0.42440611452519134,-0.12723947744755557,0.666642810667671,7.0
2026-06-11,0.17289030643533532,0.6554573415042673,-0.21856119255613554,0.7602053643679658,5.0
2026-06-12,-0.032211445799406525,0.8474107351688687,0.18435123291519936,0.6875021709611117,6.0
2026-06-13,0.037823360531858606,0.7959637425814531,-0.5879504295683058,1.002948594566851,3.0
2026-06-14,-0.5640612721842898,1.0,-1.2341555573526033,1.0,1.0
2026-06-16,-0.10156485444463952,0.1997197654161245,-0.26532769893015634,0.8235721947520247,3.0
2026-06-17,-0.13371652993138014,0.31897664327756287,1.0554120357130279,1.0739024219760498,3.0
2026-06-18,0.15057382680087067,1.0526706792409382,0.29108283059294937,0.5001204788950939,7.0
2026-06-19,-2.2145444749470586,1.0,-0.6292577963123427,1.0,1.0
2026-06-20,0.3558368659985689,1.3144779270908085,0.0014064058020713452,1.4197907507312437,7.0
2026-06-21,-0.5747223902029669,0.555320556106037,-0.1116912216238014,0.6681814788596864,6.0
2026-06-22,1.020775587691211,1.4781757232830943,-0.2454008516492018,0.9404056818749197,7.0
2026-06-23,-0.9596845538162083,1.8903532215782666,0.41396937810713785,1.3723434863985544,3.0
2026-06-24,-0.2047623389430344,0.8785371035050712,-0.2545982465834618,1.195335751384479,6.0
2026-06-25,-0.2992379311701058,2.03807317523533,1.212565429771343,0.35141198672044666,2.0
2026-06-26,-0.15668897239637042,0.44510900956720856,-0.05344792567646722,0.9847240714693589,2.0
2026-06-28,-0.6692535972029443,0.0535324861686158,0.8850300790703212,0.25162154092938094,2.0
2026-06-29,-0.447996504143355,0.5190786930670144,0.13877412956333965,0.47218653228954655,5.0
2026-06-30,-0.43281723270791744,0.719334913235024,0.24384428520418938,0.6432352959512878,7.0
2026-07-01,0.7512903129638949,0.8628635230868409,0.21087480271208842,0.3362258162130927,7.0
2026-07-02,-0.01803565248308761,1.021475624259514,0.49428901672016645,1.1195234713762081,4.0
2026-07-03,-0.35195689114696505,0.8036357510265888,-0.4525195838302639,1.0375555787751483,5.0
2026-07-04,1.1183246288405062,1.0,-1.0075447233242656,1.0,1.0
2026-07-05,0.434671263126069,0.2646021978810397,0.5743542162914822,0.025150886276668442,3.0
2026-07-06,0.041669988899886434,0.9410697365538443,0.5340300384258316,0.24476747694356388,2.0
2026-07-07,-0.4381683572117687,0.5714522001386765,-0.24907189322092876,0.8167217869206601,4.0
2026-07-08,-0.038728098490304674,0.6187735612922587,0.3194134408806354,0.9732024553234373,4.0
2026-07-09,0.36287878787878786,0.28819958202906254,0.5276515151515151,0.33801846888538745,2.0
2026-07-10,-0.47643587797010056,0.8277577886972989,-0.17983721427770694,0.6240091652009898,5.0
2026-07-11,-0.7595488169566218,1.1542322297123329,-0.7209103186352677,1.227026639534214,2.0
2026-07-12,1.158140297419243,0.07058324624542703,1.2362065635927344,0.8121780463300607,2.0
2026-07-13,-0.0019792161488451226,1.1286767525886985,0.12605202768338927,0.48464010530908785,5.0
2026-07-14,1.0279239731377747,0.12236219434865685,-0.10521762348008382,0.43470367538442306,2.0
2026-07-15,0.04270990104760747,0.8871098192128668,-0.31341256360442715,0.8280534367989796,6.0
2026-07-16,-0.03246879913025885,0.7565493273021511,-0.14999423193188627,1.0915692817158618,4.0
2026-07-17,0.023981292235344193,0.8476585736081627,0.04061125702766192,1.2150743932396695,3.0
2026-07-19,1.0916397674920215,0.5219119772097537,-0.43796289638453906,1.2528827457371672,2.0
2026-07-20,-0.951740206769816,0.1609550883738367,-0.23066782358099996,1.555637012446752,2.0
2026-07-21,-0.02368080738730015,0.6122010075802757,0.3640237349863442,0.6240683656837988,9.0
2026-07-22,-0.09014411732985925,0.7269216196402429,0.09151692622495888,1.0391514685691803,5.0
2026-07-23,-0.13521021196451227,0.7522174144072056,-0.6769288144328086,0.8575227054819152,11.0
2026-07-24,-0.5373582092213832,0.5719218639868842,0.137045763506705,1.2206774632124833,4.0
2026-07-25,-0.7264020746664158,0.33702140303963635,-0.34669307002281363,0.9805303463012119,4.0
2026-07-26,0.07714086203371744,0.9501267314663293,-0.012840081244489357,0.6032233381745402,3.0
2026-07-27,-0.18105556032162212,0.47479431441517655,-0.9619276738458429,0.780187150558077,4.0
2026-07-28,-0.16335872083004252,1.0,-0.015846377348634946,1.0,1.0
2026-07-29,0.9365263159704255,0.6930071809843967,0.7561234071796662,0.5730389081420508,3.0
2026-07-30,0.24390417707125928,0.8027255601597392,0.21677691053262832,0.8302869283758725,5.0
2026-07-31,-0.22904030124554872,0.7483841592099438,0.1051225339544477,1.0284202357719472,6.0
2026-08-01,0.09,1.0,0.45,1.0,1.0
2026-08-02,-0.17482432513990157,0.26475082798177973,-0.6044656858811513,0.8695435415681997,3.0
2026-08-03,0.8934945224265193,0.38345993319653676,-0.527467199995992,0.3490179279790566,3.0
2026-08-04,-0.8999303603319962,1.3452397646333927,0.024204204785003024,1.1473296325388698,5.0
2026-08-05,0.11237179872567712,0.5155302401501697,0.3109769409517663,1.3063207230139686,4.0
2026-08-06,0.005404494772645731,0.5211260441620331,-0.33004879861644515,1.0522474531647517,9.0
2026-08-07,0.2689485499990805,0.7349808074421377,-0.58471640977325,0.7766942758136691,3.0
2026-08-08,0.08317255551345058,0.9810142127430156,-0.32580150547953,1.310575909358876,8.0
2026-08-09,0.9995934319122828,0.5852933922362435,-0.1036797497128018,0.0013430844260355883,2.0
2026-08-10,0.08832342410543782,0.05186851105149595,0.26992488568805667,0.2193093298465084,2.0
2026-08-11,0.0700620429046779,0.6345507916504735,-0.09607983112498444,0.6567337924872625,7.0
2026-08-12,0.04922471543616325,1.9251302950082092,0.09747406868519728,0.6434735943709203,2.0
2026-08-13,0.1383512019181537,0.9380893324674481,0.07336212104206961,0.663315229920732,7.0
2026-08-14,1.0917262307450812,1.142627985582411,0.337385367163881,0.30160081781086284,2.0
2026-08-15,-0.3955450549011311,2.1213390642798378,-0.6435836476013578,1.1854135340282115,2.0
2026-08-16,-0.022147456572428267,0.685482538771552,-0.09545472267734681,1.3927657660946378,4.0
2026-08-17,0.05171274837276663,0.5342699516212344,0.42702632007882824,1.1816657360805858,12.0
2026-08-18,-0.9011340561241857,0.901450965164632,0.15463644391005169,1.6248269910101931,3.0
2026-08-20,-0.4436608066867574,0.7312787971794723,-0.1905064837331249,1.0185142884843468,11.0
2026-08-21,-0.5144863656744356,1.2036168220571697,-0.18916306481878,0.5573247038899434,5.0
2026-08-22,-0.3297636850379366,1.129658662013433,0.16959287824542446,1.8265589664781576,2.0
2026-08-23,-0.21762492980047696,0.13315977238797166,0.8760653720618906,0.45469182988760226,3.0
2026-08-24,0.40674137691083595,0.6452131771426155,0.2824218199865441,0.20172870929917652,3.0
2026-08-25,-0.3836037752902324,0.9580799332621804,0.32805745503172995,0.6648960810099246,4.0
2026-08-26,-0.06470892126210068,0.5282351924235033,0.2722376012087965,0.7079589917610297,4.0
2026-08-27,-0.15056114938367024,0.8190877156209286,-0.04141961848827914,0.5759464833519916,7.0
2026-08-28,-0.049896875419772904,0.8043877285601114,0.4576307452741454,1.0810388399312663,4.0
2026-08-29,1.419731025128408,1.096475347885226,-0.8345062204097334,0.2058137995940933,2.0
2026-08-30,-0.7490556041189169,1.0,1.8121352827708026,1.0,1.0
2026-08-31,-2.029567493418707,1.0,0.05335348758063198,1.0,1.0
2026-09-01,-0.45963256079826176,0.9838024969848902,-0.22005511775566897,1.546530043165516,4.0
2026-09-02,-0.0018059540764204056,1.2100329605719427,0.7386994381553351,0.47294695475489057,3.0
2026-09-03,0.07085649120549058,1.0223349311958085,0.1915812111356788,0.688900176746156,6.0
2026-09-04,-0.3026311854409155,0.5889185939186375,0.15819883383986127,0.8174301825672694,5.0
2026-09-05,-0.4736895776938516,0.33010177487057085,0.06432502961846331,0.9090306707135182,2.0
2026-09-06,-0.6821897830936882,1.0,-1.2299090782368107,1.0,1.0
2026-09-07,0.12220725189249493,0.8640960793641361,-0.046933385605653744,1.8864098647509544,2.0
2026-09-08,-1.264961297841702,0.34012355330349536,1.1601937818953791,1.3701558579826385,2.0
2026-09-09,0.3452876462856514,0.4311919793849447,0.5052720250111684,0.06715433368238481,3.0
2026-09-10,-1.1107710177589987,1.0,0.5797901125286421,1.0,1.0
