,phrase,label,sentiment,subjectivity,language,count
U.S.,,,,,,
Northeast,,,,,,
US,,,,,,
New York,,,,,,
Colorado,,,,,,
New York City,,,,,,
Midwest,,,,,,
Europe,,,,,,
Arctic,,,,,,
California,,,,,,
Chicago,,,,,,
Germany,,,,,,
Kashmir,,,,,,
the United States,,,,,,
UK,,,,,,
Toronto,,,,,,
Japan,,,,,,
Canada,,,,,,
Ontario,,,,,,
Denver,,,,,,
Massachusetts,,,,,,
NYC,,,,,,
New Jersey,,,,,,
Minnesota,,,,,,
Florida,,,,,,
Texas,,,,,,
Scotland,,,,,,
India,,,,,,
Utah,,,,,,
Michigan,,,,,,
Alberta,,,,,,
Manitoba,,,,,,
Great Lakes,,,,,,
Pennsylvania,,,,,,
New England,,,,,,
Philadelphia,,,,,,
Wisconsin,,,,,,
Jammu,,,,,,
the East Coast,,,,,,
Ohio,,,,,,
Italy,,,,,,
Alaska,,,,,,
Washington,,,,,,
Himachal,,,,,,
Britain,,,,,,
Lancaster County,,,,,,
Nepal,,,,,,
Finland,,,,,,
Calgary,,,,,,
Boston,,,,,,
Newfoundland,,,,,,
North Carolina,,,,,,
China,,,,,,
South,,,,,,
Iowa,,,,,,
Connecticut,,,,,,
Virginia,,,,,,
Russia,,,,,,
NEW YORK,,,,,,
B.C.,,,,,,
United States,,,,,,
Alps,,,,,,
Greece,,,,,,
Ireland,,,,,,
Pradesh,,,,,,
Sweden,,,,,,
arctic,,,,,,
Vermont,,,,,,
England,,,,,,
Earth,,,,,,
Los Angeles,,,,,,
Maine,,,,,,
East Coast,,,,,,
Rockies,,,,,,
the Great Lakes,,,,,,
Quebec,,,,,,
NY,,,,,,
Australia,,,,,,
France,,,,,,
Milan,,,,,,
Maryland,,,,,,
Kentucky,,,,,,
NJ,,,,,,
Indiana,,,,,,
Türkiye,,,,,,
Rhode Island,,,,,,
Hokkaido,,,,,,
New Mexico,,,,,,
Paris,,,,,,
Srinagar,,,,,,
Taplejung,,,,,,
Netherlands,,,,,,
Illinois,,,,,,
Himalayas,,,,,,
Antarctica,,,,,,
Northern Ireland,,,,,,
Cincinnati,,,,,,
Africa,,,,,,
America,,,,,,
St. Louis,,,,,,
D.C.,,,,,,
Long Island,,,,,,
Carolinas,,,,,,
Nova Scotia,,,,,,
Charlotte,,,,,,
Plains,,,,,,
New Hampshire,,,,,,
Amsterdam,,,,,,
Syracuse,,,,,,
Chile,,,,,,
Switzerland,,,,,,
Georgia,,,,,,
U.S,,,,,,
New Zealand,,,,,,
Delaware,,,,,,
Atlantic,,,,,,
Kansas City,,,,,,
West Michigan,,,,,,
Andes,,,,,,
West,,,,,,
Kansas,,,,,,
Atlanta,,,,,,
Delhi,,,,,,
Pittsburgh,,,,,,
New Brunswick,,,,,,
Berlin,,,,,,
Houston,,,,,,
Wales,,,,,,
Metro Detroit,,,,,,
Valley,,,,,,
Cleveland,,,,,,
Saskatchewan,,,,,,
BEIJING,,,,,,
Attica,,,,,,
Montana,,,,,,
Wyoming,,,,,,
Erie,,,,,,
Mars,,,,,,
Labrador,,,,,,
Ottawa,,,,,,
Moscow,,,,,,
Salt Lake City,,,,,,
Alabama,,,,,,
Pa.,,,,,,
Arkansas,,,,,,
Antarctic,,,,,,
Gulmarg,,,,,,
Tennessee,,,,,,
Minneapolis,,,,,,
PITTSBURGH,,,,,,
North America,,,,,,
Israel,,,,,,
British Columbia,,,,,,
Istanbul,,,,,,
Lake Tahoe,,,,,,
Green Bay,,,,,,
Montreal,,,,,,
CHICAGO,,,,,,
Louisville,,,,,,
Oregon,,,,,,
ISTANBUL,,,,,,
Dallas,,,,,,
Iran,,,,,,
Moana,,,,,,
Hawaii,,,,,,
Himachal Pradesh,,,,,,
Saudi Arabia,,,,,,
Oklahoma,,,,,,
Milwaukee,,,,,,
Memphis,,,,,,
DENVER,,,,,,
Metro Vancouver,,,,,,
East Tennessee,,,,,,
Columbus,,,,,,
Koshi,,,,,,
Mount Everest,,,,,,
Muktinath,,,,,,
Hamburg,,,,,,
Brooklyn,,,,,,
Louisiana,,,,,,
San Diego,,,,,,
Mississippi,,,,,,
the Pacific Northwest,,,,,,
Greater Cincinnati,,,,,,
Sapporo,,,,,,
West Coast,,,,,,
Southern California,,,,,,
Ukraine,,,,,,
South Africa,,,,,,
Colorado River,,,,,,
Livigno,,,,,,
Uttarakhand,,,,,,
Southeast Michigan,,,,,,
the Upper Midwest,,,,,,
Attleboro,,,,,,
Aberdeenshire,,,,,,
Indianapolis,,,,,,
Oswego County,,,,,,
Romania,,,,,,
Pacific,,,,,,
Everest,,,,,,
Vancouver Island,,,,,,
N.Y.,,,,,,
East,,,,,,
Northern California,,,,,,
El Paso,,,,,,
Peoria,,,,,,
the Great Lakes region,,,,,,
Argentina,,,,,,
ATLANTA,,,,,,
Helsinki,,,,,,
PARIS,,,,,,
Iceland,,,,,,
Southwest,,,,,,
Lapland,,,,,,
Southeast,,,,,,
York,,,,,,
Tokyo,,,,,,
Hollywood,,,,,,
WASHINGTON,,,,,,
Austria,,,,,,
Orkney,,,,,,
Greenland,,,,,,
Central Park,,,,,,
Northern Kentucky,,,,,,
Mid-Atlantic,,,,,,
Detroit,,,,,,
Interlake,,,,,,
Patagonia,,,,,,
Mount Hermon,,,,,,
Crawford,,,,,,
TOKYO,,,,,,
Tulsa,,,,,,
New York's,,,,,,
the Western Cape,,,,,,
Evansville,,,,,,
Upper Peninsula,,,,,,
West Virginia,,,,,,
San Diego County,,,,,,
Northern Japan,,,,,,
N.J.,,,,,,
the Bering Sea,,,,,,
South Korea,,,,,,
Warsaw,,,,,,
Provo,,,,,,
Calif.,,,,,,
Tasmania,,,,,,
the Atacama Desert,,,,,,
Ill.,,,,,,
Mexico,,,,,,
LOS ANGELES,,,,,,
Norway,,,,,,
Arizona,,,,,,
Venezuela,,,,,,
DC,,,,,,
London,,,,,,
Lebanon,,,,,,
Mich.,,,,,,
Athens,,,,,,
Nebraska,,,,,,
Chennai,,,,,,
Des Moines,,,,,,
the Gobi Desert,,,,,,
South Island,,,,,,
Colo.,,,,,,
Terai,,,,,,
the Greater Toronto Area,,,,,,
CTABC7,,,,,,
Afghanistan,,,,,,
Ozarks,,,,,,
the Eastern Cape,,,,,,
COLUMBUS,,,,,,
Whiskey Island,,,,,,
the Northern Hemisphere,,,,,,
N.H.,,,,,,
Pacific Northwest,,,,,,
Western Cape,,,,,,
Schiphol,,,,,,
Upstate,,,,,,
the Ohio Valley,,,,,,
Juneau,,,,,,
the Lower Peninsula,,,,,,
Fredericton,,,,,,
Peru,,,,,,
Eastern Cape,,,,,,
the Mid-Atlantic,,,,,,
New York City's,,,,,,
CT,,,,,,
Bolivia,,,,,,
Poland,,,,,,
the Colorado River,,,,,,
BERLIN,,,,,,
Washington DC,,,,,,
Mount Zao,,,,,,
Idaho,,,,,,
Binghamton,,,,,,
Chicagoland,,,,,,
Mass.,,,,,,
Nevada,,,,,,
Wis.,,,,,,
NWS,,,,,,
Karnataka,,,,,,
Central Asia,,,,,,
Hyderabad,,,,,,
Co Donegal,,,,,,
New Zealand's,,,,,,
South Carolina,,,,,,
the Arctic Circle,,,,,,
TORONTO,,,,,,
Alpine,,,,,,
Missouri,,,,,,
HAGUE,,,,,,
Las Vegas,,,,,,
South-Central,,,,,,
Portland,,,,,,
Aspen,,,,,,
Dublin,,,,,,
Melbourne,,,,,,
Nice,,,,,,
Lyon,,,,,,
Ladakh,,,,,,
HOKKAIDO,,,,,,
Kullu,,,,,,
Oklahoma State,,,,,,
Vernon,,,,,,
THE HAGUE,,,,,,
SALT LAKE CITY,,,,,,
the West Coast,,,,,,
CALGARY,,,,,,
Northern,,,,,,
Ont.,,,,,,
Vancouver,,,,,,
Atacama,,,,,,
Crystal Mountain,,,,,,
Kamchatka,,,,,,
The National Oceanic,,,,,,
Buffalo,,,,,,
Mount Fuji,,,,,,
Shanghai,,,,,,
Croatia,,,,,,
The United States,,,,,,
Knoxville,,,,,,
Wyo,,,,,,
B.C,,,,,,
Cyclades,,,,,,
Pacific Ocean,,,,,,
Salisbury,,,,,,
Goretti,,,,,,
San Francisco,,,,,,
Eastern Ontario,,,,,,
Hobart,,,,,,
Cortina,,,,,,
Avalon Peninsula,,,,,,
Kirkwall,,,,,,
Great Britain,,,,,,
Ioannina,,,,,,
Lake Powell,,,,,,
Greater Toronto Area,,,,,,
Middle Creek,,,,,,
Himachal Pradesh's,,,,,,
Western North Carolina,,,,,,
Mustang,,,,,,
Mediterranean,,,,,,
finland,,,,,,
Fort McMurray,,,,,,
Banff,,,,,,
Skåne,,,,,,
Rochester,,,,,,
Lexington,,,,,,
Lancaster,,,,,,
Tampa,,,,,,
Lake Erie,,,,,,
Mo.,,,,,,
Kerala,,,,,,
GRAND RAPIDS,,,,,,
Donegal,,,,,,
Tri-State,,,,,,
Cavan,,,,,,
Picton,,,,,,
Napanee,,,,,,
Chamba,,,,,,
Hamilton County,,,,,,
Staten Island,,,,,,
Utica,,,,,,
JAMMU,,,,,,
Québec,,,,,,
West Lafayette,,,,,,
Maritimes,,,,,,
the Atal Tunnel,,,,,,
Staunton,,,,,,
Gotham City,,,,,,
Bloomington,,,,,,
the Pacific Ocean,,,,,,
Prairies,,,,,,
Leitrim,,,,,,
Lesotho,,,,,,
South Dakota,,,,,,
Dubai,,,,,,
Augusta County,,,,,,
NZ,,,,,,
Helena,,,,,,
Honolulu,,,,,,
Regina,,,,,,
Sligo,,,,,,
Chattanooga,,,,,,
Northern Hemisphere,,,,,,
Hawaii Island,,,,,,
Aomori,,,,,,
the Hudson Valley,,,,,,
R.I.,,,,,,
Lanark County,,,,,,
Vienna,,,,,,
Baffin Island,,,,,,
New South Wales,,,,,,
GREEN BAY,,,,,,
Uzbekistan,,,,,,
the Southern Hemisphere,,,,,,
the United Kingdom,,,,,,
Winnipeg,,,,,,
Liverpool,,,,,,
May.,,,,,,
Myrtle Beach,,,,,,
Fla.,,,,,,
Trumpishness,,,,,,
Western US,,,,,,
Tibet,,,,,,
Bucharest,,,,,,
Estonia,,,,,,
Manhattan,,,,,,
Kiev,,,,,,
Wasaga Beach,,,,,,
Scottsdale,,,,,,
Lewis County,,,,,,
Lumbini,,,,,,
Jordaan,,,,,,
Miss.,,,,,,
U.K.,,,,,,
SXSW,,,,,,
Central Florida,,,,,,
Salt Lake,,,,,,
Wichita,,,,,,
the Snow Moon,,,,,,
Northeast Ohio,,,,,,
Kyiv,,,,,,
Monsoon,,,,,,
Atacama Desert,,,,,,
SYDNEY,,,,,,
N.S.,,,,,,
BOSTON,,,,,,
Victoria,,,,,,
Lake Superior,,,,,,
the Kashmir Valley,,,,,,
Indonesia,,,,,,
New York State,,,,,,
The City of St. John's,,,,,,
Mount Nemrut,,,,,,
Albany,,,,,,
Siberia,,,,,,
Vt.,,,,,,
the Gulf of Finland,,,,,,
Latin America,,,,,,
Ethiopia,,,,,,
the Coachella Valley,,,,,,
Spain,,,,,,
Santa,,,,,,
Queensland,,,,,,
Camrose,,,,,,
Prince Edward Island,,,,,,
Ithaca,,,,,,
Middletown,,,,,,
Atlantic Canada,,,,,,
Cohasset,,,,,,
Horry County,,,,,,
Baltimore,,,,,,
Humla district,,,,,,
the Southern Carpathians,,,,,,
Kashmir plains,,,,,,
expe,,,,,,
Nashville,,,,,,
Aomori Prefecture,,,,,,
Fiordland,,,,,,
the Kommagene Kingdom,,,,,,
Tenn.,,,,,,
Akita Prefecture,,,,,,
Shreveport,,,,,,
YVR,,,,,,
Daisen City,,,,,,
Albuquerque,,,,,,
northern Manitoba,,,,,,
Baragung Muktikshetra,,,,,,
Kyoto,,,,,,
Suffolk,,,,,,
US Northeast,,,,,,
Novosibirsk,,,,,,
Far East,,,,,,
Kootenay Pass,,,,,,
Kashmirs Kishtwar,,,,,,
Poconos,,,,,,
Scandinavia,,,,,,
Kushiro City,,,,,,
Hudson Valley,,,,,,
Foxboro,,,,,,
the Union Territory,,,,,,
Northern Manitoba,,,,,,
Beaufort,,,,,,
Park City,,,,,,
ar,,,,,,
Winter Storm Hernando,,,,,,
CLEVELAND,,,,,,
Kinnaur,,,,,,
Saudi Arabia's,,,,,,
LAAX,,,,,,
Lahaul,,,,,,
Maiwakhola Rural Municipality,,,,,,
CONCORD,,,,,,
the Atlantic Coast,,,,,,
Fort St. John,,,,,,
the Atacama plains,,,,,,
MEMPHIS,,,,,,
WNY,,,,,,
Lehigh Valley,,,,,,
Vancouver Island's,,,,,,
valley,,,,,,
Mount Washington,,,,,,
Jomsom,,,,,,
Pokhara,,,,,,
the Sea of Japan coast,,,,,,
Deer Lake,,,,,,
Peloponnese,,,,,,
Del.,,,,,,
Little Rock,,,,,,
Halifax,,,,,,
Union,,,,,,
PROVIDENCE,,,,,,
Easter,,,,,,
Pakistan,,,,,,
Nassau,,,,,,
the Iberian Peninsula,,,,,,
Central Jersey,,,,,,
Argentinas,,,,,,
Keylong,,,,,,
Gothenburg,,,,,,
Kukumseri,,,,,,
the Upper West Side,,,,,,
West Midlands,,,,,,
Koksar,,,,,,
New snowfall,,,,,,
Bundesliga,,,,,,
Mount Charleston,,,,,,
Golan Heights,,,,,,
Congo,,,,,,
Tateyama mountain,,,,,,
SAN FRANCISCO,,,,,,
Central Georgia,,,,,,
Edmonton,,,,,,
North Wales,,,,,,
Chinas,,,,,,
Safeback,,,,,,
Eugene,,,,,,
Madrid,,,,,,
west,,,,,,
Pamplona,,,,,,
Cayuga,,,,,,
Waterford,,,,,,
Wexford,,,,,,
Western Europe,,,,,,
Eugene-Springfield,,,,,,
Mauna Kea,,,,,,
Cambridgeshire,,,,,,
LAS VEGAS,,,,,,
Rocky Mountains,,,,,,
Rally Sweden,,,,,,
Mauna Loa,,,,,,
North Shore,,,,,,
Osoyoos Lake,,,,,,
South Okanagan,,,,,,
Anatolia,,,,,,
Middle Tennessee,,,,,,
Tallinn,,,,,,
Far South,,,,,,
Easter Island,,,,,,
Kolydas,,,,,,
Kamchatka Peninsula,,,,,,
Crete,,,,,,
Manang,,,,,,
Anadolu,,,,,,
La Broquerie,,,,,,
The Mohawk Valley,,,,,,
Franconia Inn,,,,,,
New England’s,,,,,,
Northern Minnesota,,,,,,
Jackson,,,,,,
Far Eastern Kamchatka Peninsula,,,,,,
Baltic Sea,,,,,,
Snowy State,,,,,,
Sunshine State,,,,,,
Sydney,,,,,,
the Icelandic River,,,,,,
Connacht,,,,,,
Erie County,,,,,,
Rajasthan,,,,,,
Wolverhampton,,,,,,
U.S. Alpine,,,,,,
Caribbean,,,,,,
Central Wisconsin,,,,,,
Brisbane,,,,,,
Sask,,,,,,
the Rocky Mountain,,,,,,
JOLIET,,,,,,
Anantnag,,,,,,
Kishtwar,,,,,,
Jefferson,,,,,,
the Northeast US,,,,,,
Satbanjh,,,,,,
Fort,,,,,,
CHAMPAIGN,,,,,,
Hong Kong,,,,,,
Illini,,,,,,
Boone,,,,,,
Mideast,,,,,,
Northeast California,,,,,,
Broome County,,,,,,
Franklin,,,,,,
US Gulf,,,,,,
Kathmandu,,,,,,
MANCHESTER,,,,,,
Ocean City,,,,,,
Kumamoto,,,,,,
midwest,,,,,,
S.D.,,,,,,
the Northern Plains,,,,,,
Winnebago,,,,,,
Muskegon,,,,,,
Leadville,,,,,,
Tirupattur,,,,,,
Topeka,,,,,,
the Sahara Desert,,,,,,
PORTLAND,,,,,,
The Pacific Northwest,,,,,,
Puducherry,,,,,,
RI,,,,,,
Villupuram,,,,,,
Ranipet,,,,,,
Piedmont,,,,,,
Tiruvallur,,,,,,
CUMBERLAND COUNTY,,,,,,
the Northern Cape,,,,,,
Clarenville,,,,,,
KANSAS CITY,,,,,,
N.C.,,,,,,
Winter,,,,,,
Yellowstone,,,,,,
North Dakota,,,,,,
the Pacific Northw,,,,,,
Inverness,,,,,,
Metro Denver,,,,,,
Lake Michigan,,,,,,
the Sunshine State,,,,,,
the north east,,,,,,
Hopkinton,,,,,,
the Deep South,,,,,,
Arachova,,,,,,
the North East,,,,,,
Yellowstone Lake,,,,,,
Big Island,,,,,,
mountain kingdom,,,,,,
Monaghan,,,,,,
Highlands,,,,,,
Szlachtowa,,,,,,
Grand Junction,,,,,,
Baitadi,,,,,,
Pathibhara,,,,,,
Minami Ward,,,,,,
Sahara,,,,,,
Chiba,,,,,,
Tahoe,,,,,,
Santiago,,,,,,
ZAGREB,,,,,,
Central,,,,,,
the Pacific coast,,,,,,
Greater Tokyo,,,,,,
New Delhi,,,,,,
Whistler,,,,,,
Tibetan Plateau,,,,,,
Columbus City Schools,,,,,,
NC,,,,,,
Krakow,,,,,,
Ottawa city,,,,,,
Caicos,,,,,,
Ulster,,,,,,
Cluj,,,,,,
Arctic Frost,,,,,,
Fantasyland,,,,,,
Shenyang,,,,,,
L.A.,,,,,,
Copenhagen,,,,,,
FLORIDA,,,,,,
British Columbia's,,,,,,
Seville,,,,,,
Cryptonomicon,,,,,,
the Bighorn Mountains,,,,,,
Mineral Basin,,,,,,
uninhabited island,,,,,,
Mumbai,,,,,,
Daenerys Targaryen,,,,,,
North Georgia,,,,,,
PEORIA,,,,,,
Parnitha,,,,,,
Austin,,,,,,
DES MOINES,,,,,,
the British Isles,,,,,,
Brussels,,,,,,
Cinderella,,,,,,
Auckland,,,,,,
Egypt,,,,,,
LA,,,,,,
Gotham,,,,,,
Nepals,,,,,,
Providence,,,,,,
Orlando,,,,,,
Tylertown,,,,,,
Littleton,,,,,,
Minn.,,,,,,
MT,,,,,,
Bozeman,,,,,,
Portugal,,,,,,
Cuba,,,,,,
Appleton,,,,,,
Conn.,,,,,,
Birmingham,,,,,,
Cape Town,,,,,,
Peninsula,,,,,,
Yemen,,,,,,
bison,,,,,,
Snow Joe,,,,,,
Salyut,,,,,,
southcentral,,,,,,
Paraguay,,,,,,
GUELPH,,,,,,
SAN ANTONIO,,,,,,
Fairbanks,,,,,,
Cotswolds,,,,,,
Asia,,,,,,
the South Pole,,,,,,
Death Valley,,,,,,
Hurricane Sandy,,,,,,
North Devon,,,,,,
Matanzas province,,,,,,
Southeastern Australia,,,,,,
Devon,,,,,,
Lithuania,,,,,,
Vietnam,,,,,,
New Yorks,,,,,,
Northwest Territories,,,,,,
Hudson Bay,,,,,,
North America's,,,,,,
GFS,,,,,,
Porto,,,,,,
Brazil,,,,,,
Lake Huron,,,,,,
Kahta,,,,,,
Magboro,,,,,,
the Bay Area,,,,,,
Anchorage,,,,,,
Buenos Aires,,,,,,
Sasgen et al.,,,,,,
Haiti,,,,,,
BUFFALO,,,,,,
Dakotas,,,,,,
Kharkiv,,,,,,
Ogun State,,,,,,
Yakutia,,,,,,
Daunne,,,,,,
South Chicagoland,,,,,,
BOURBONNAIS,,,,,,
Springwater,,,,,,
Khursani Khola,,,,,,
Barrie,,,,,,
Bormio,,,,,,
Central Anatolia,,,,,,
North,,,,,,
STAMFORD,,,,,,
Crossville,,,,,,
Southern Hemispheres,,,,,,
NIAGARA FALLS,,,,,,
Ann Arbor,,,,,,
Niagara County,,,,,,
LAVAL,,,,,,
the Strait of Hormuz,,,,,,
HOUSTON,,,,,,
Que,,,,,,
Blackpool,,,,,,
Winter Gardens,,,,,,
Mercer County,,,,,,
Shan State,,,,,,
Wilmington,,,,,,
Kengtung Township,,,,,,
Kenosha,,,,,,
Hampshire,,,,,,
Munich,,,,,,
SHANGHAI,,,,,,
Racine,,,,,,
Khabarhub,,,,,,
Rasam,,,,,,
Nightjet,,,,,,
Albania,,,,,,
Cleveland County,,,,,,
Beckley,,,,,,
Zohran,,,,,,
Loudon,,,,,,
Ga.,,,,,,
Mableton,,,,,,
Woodward Park City,,,,,,
Cagliari,,,,,,
Sardinia,,,,,,
Portsmouth,,,,,,
MARKHAM,,,,,,
Cobb County,,,,,,
BaT,,,,,,
the Saudi Arabia season,,,,,,
TN,,,,,,
Nawalparasi,,,,,,
Humla,,,,,,
Nawalparasi (Bar,,,,,,
Glasgow,,,,,,
Sioux Falls,,,,,,
Bagmati,,,,,,
SIOUX FALLS,,,,,,
Bandipora,,,,,,
The Southern Hemisphere,,,,,,
Northern Cal,,,,,,
the South Island's,,,,,,
Dunedin,,,,,,
Namkha Rural,,,,,,
Salt Lake City's,,,,,,
East Africa,,,,,,
alps,,,,,,
Tanzania,,,,,,
Uganda,,,,,,
Madison,,,,,,
Kenya,,,,,,
Courchevel,,,,,,
the Indian Ocean,,,,,,
CORTINA D'AMPEZZO,,,,,,
East Africas,,,,,,
Cortina D'Ampezzo,,,,,,
N.M.,,,,,,
South Shore,,,,,,
My Garden,,,,,,
Marylan,,,,,,
years.</li,,,,,,
Atlantic Ocean,,,,,,
Northeast US,,,,,,
Great Salt Lake,,,,,,
Suffolk County,,,,,,
Colo,,,,,,
Bihar,,,,,,
Vail,,,,,,
Easter Egg,,,,,,
Daliang Mountains,,,,,,
Xizang,,,,,,
Park Slope,,,,,,
East Antarctica,,,,,,
Northern Wisconsin,,,,,,
Northern Michigan,,,,,,
Prospect Park,,,,,,
damagin,,,,,,
Ramgarh,,,,,,
Moncler,,,,,,
the Western United State,,,,,,
Canadian Arctic,,,,,,
MADISON,,,,,,
St. Matthew Island,,,,,,
Nuuk,,,,,,
The City of Trees,,,,,,
Washington State,,,,,,
mountai,,,,,,
Lake Mendota,,,,,,
Saskatoon,,,,,,
the Baltic Sea,,,,,,
the Barnes Ice Cap,,,,,,
XF,,,,,,
Trican,,,,,,
Geneva,,,,,,
Coney Island,,,,,,
Pissis,,,,,,
Northern Alaska,,,,,,
Fortnite,,,,,,
Selkirk Mountain,,,,,,
Southeast Wisconsin,,,,,,
St. Paul,,,,,,
the Western United States,,,,,,
Budhpur,,,,,,
Rockford,,,,,,
Francophone S,,,,,,
ADELBODEN,,,,,,
Upper,,,,,,
Selkirk Mountains,,,,,,
Victorian alps,,,,,,
Sirmaur,,,,,,
the City of Love,,,,,,
the South Coast,,,,,,
The Red Planet's,,,,,,
Udemy,,,,,,
Rideau,,,,,,
U.S. East,,,,,,
Canadas,,,,,,
Torrential,,,,,,
Cardrona Alpine Resort,,,,,,
Atal Tunnel,,,,,,
British Columbia’s,,,,,,
Alaskas,,,,,,
ND,,,,,,
Exmouth,,,,,,
Odermatt,,,,,,
Lane County,,,,,,
Carnarvon,,,,,,
Central WI,,,,,,
the Sunshine Coast,,,,,,
West Vancouver Island,,,,,,
the Central Coast,,,,,,
Denv,,,,,,
table><tr><td></td></tr><tr><td>3/15/26 Mountains,,,,,,
Adelboden,,,,,,
Upper Midwest,,,,,,
eastern mountain,,,,,,
Arjeplog,,,,,,
Coral Bay,,,,,,
Brossard,,,,,,
Notarnicola,,,,,,
Fond du Lac County,,,,,,
Union County,,,,,,
pulled.</td></tr><tr><td,,,,,,
the Khumbu Glacier,,,,,,
Spiti district,,,,,,
Homewood,,,,,,
New South Wales Northern Tablelands,,,,,,
the New South Wales Northern Tablelands,,,,,,
Shark Bay,,,,,,
Dharwad district,,,,,,
Qatar,,,,,,
Kithairona,,,,,,
PHOENIX,,,,,,
the Gulf of Sirte,,,,,,
CEDARBURG,,,,,,
Cedarburg,,,,,,
the North Island,,,,,,
ISLAMABAD,,,,,,
Love Island,,,,,,
Wellington,,,,,,
the Pacific Coast,,,,,,
the Great Plains,,,,,,
Hebei,,,,,,
Americas,,,,,,
Kouf,,,,,,
meteo,,,,,,
the Strait of Sicily,,,,,,
Deicing,,,,,,
Dal Lake,,,,,,
Cardrona Alpine,,,,,,
New Sou,,,,,,
NSW,,,,,,
Kangra,,,,,,
Saint John,,,,,,
Pune,,,,,,
Balewadi,,,,,,
Anglophone South,,,,,,
Southern Utah,,,,,,
West Antarctic,,,,,,
East Antarctic,,,,,,
Revelstoke,,,,,,
Litheli,,,,,,
Koufonisia,,,,,,
Thredbo,,,,,,
Sputnik,,,,,,
Ti West,,,,,,
Rocky,,,,,,
the Rocky Mountains,,,,,,
the High Plains,,,,,,
Mammoth Lakes,,,,,,
marina,,,,,,
Dock Dog,,,,,,
Thorong La.,,,,,,
Lost Salt Lake City,,,,,,
Kong,,,,,,
Sunshine Village,,,,,,
Antarctic sea,,,,,,
Banff Sunshine Village,,,,,,
Satbanjh orchard,,,,,,
the Soviet Union,,,,,,
Venice Biennale,,,,,,
Snowfall,,,,,,
Western Canada,,,,,,
the Snow Outside His House,,,,,,
Whistler Village,,,,,,
the Regional District,,,,,,
LAUSANNE,,,,,,
Riviera,,,,,,
Centreville,,,,,,
the Giro d'Italia,,,,,,
Southern Hemisphere,,,,,,
St. Andrews,,,,,,
Disneyland Paris,,,,,,
the Se… Disneyland Paris Resort,,,,,,
the Southern Ocean,,,,,,
Queenstown,,,,,,
WMO,,,,,,
KwaZulu-Natal,,,,,,
Braov,,,,,,
Covasna,,,,,,
Canterbury,,,,,,
Otago,,,,,,
the South Island,,,,,,
Northwest Arkansas,,,,,,
Otyken,,,,,,
United States of America,,,,,,
the Snow Birds,,,,,,
Inwood,,,,,,
Manali of Himachal Pradesh,,,,,,
AMAHEIM,,,,,,
Mount Hermon's,,,,,,
SA,,,,,,
Northern Cape,,,,,,
Lyp,,,,,,
Kashmir Valley,,,,,,
Kengtung Highlands,,,,,,
Limpopo,,,,,,
El Nino,,,,,,
Cardrona,,,,,,
Ural Mountains,,,,,,
Lower Dega,,,,,,
West End,,,,,,
Motor City,,,,,,
Wilmingto,,,,,,
Biolog,,,,,,
East Sikkim,,,,,,
Modena,,,,,,
Shoot Aomori,,,,,,
Libloather,,,,,,
Hit Montana,,,,,,
Snowiest City,,,,,,
buyGentle,,,,,,
Bollywood,,,,,,
the Canadian Arctic,,,,,,
Airport Heights,,,,,,
Ooty,,,,,,
the Trans-Manhattan Expressway,,,,,,
North Eastern,,,,,,
A.,,,,,,
Timmins,,,,,,
the Peak District,,,,,,
Manchester,,,,,,
North and South America,,,,,,
Guelph,,,,,,
a Subaru Outback,,,,,,
bec,,,,,,
St. John,,,,,,
WILMINGTON,,,,,,
the East Bay,,,,,,
East Bay,,,,,,
Southland,,,,,,
the Ural Mountains,,,,,,
Alaskan,,,,,,
Preserve,,,,,,
te… Kaj ti je deklica,,,,,,
Roaring Springs,,,,,,
the Grand Canyon's,,,,,,
Japans,,,,,,
Lighter West Coast,,,,,,
United Kingdom,,,,,,
Kuskokwim River,,,,,,
the Grand Canyon’s,,,,,,
Grand Canyon,,,,,,
the Red Sea,,,,,,
Sheba,,,,,,
Tuesda…,,,,,,
the Lahaul Valley,,,,,,
the Grand Lake Reservoir,,,,,,
Lahaul Valley,,,,,,
Emerald Ice/Alpine Snow,,,,,,
Mokelumne River,,,,,,
Alameda,,,,,,
District,,,,,,
Nev.,,,,,,
Reno,,,,,,
the Upper Colorado Basin,,,,,,
mo…,,,,,,
St. John's,,,,,,
the Merced River,,,,,,
Front Valley,,,,,,
Harbin,,,,,,
Portakabin,,,,,,
Zhangye,,,,,,
páramos,,,,,,
The Colorado River,,,,,,
Colombia,,,,,,
Ecuador,,,,,,
Cascade mountains,,,,,,
Manitoba creek,,,,,,
Ci… UCF,,,,,,
northwest Montana,,,,,,
the James Bay Lowlands,,,,,,
Amazon,,,,,,
the Path unde,,,,,,
Rotterdam,,,,,,
West Deptford,,,,,,
the Garden State,,,,,,
the NSW Snowy Mountains,,,,,,
LatAm,,,,,,
seemin,,,,,,
ANN ARBOR,,,,,,
inde,,,,,,
Saint Paul,,,,,,
trip!Argentina,,,,,,
Cheboygan,,,,,,
the Olympic Peninsula,,,,,,
the Gulf of,,,,,,
Gowanus,,,,,,
southern coast,,,,,,
The City of Trail,,,,,,
The North Island,,,,,,
Chiles Atacama,,,,,,
Atlantic Coast,,,,,,
con…,,,,,,
Central Finland,,,,,,
Pirkanmaa,,,,,,
Jordan,,,,,,
Alpine Meadow,,,,,,
Afgha,,,,,,
Phoenix,,,,,,
The South Pole,,,,,,
the Bow Valley,,,,,,
Vâlcea County,,,,,,
Brașov County,,,,,,
Romanias,,,,,,
Californias,,,,,,
USA,,,,,,
Mono County,,,,,,
SLC,,,,,,
Toyama,,,,,,
Modesto,,,,,,
Philippines,,,,,,
Adıyaman,,,,,,
the Ice Memory Sanctuary,,,,,,
Adyaman,,,,,,
North-West,,,,,,
Maharashtra,,,,,,
Telangana,,,,,,
Woodstock,,,,,,
North Interior,,,,,,
Lac La Biche,,,,,,
Belleville,,,,,,
Hardisty,,,,,,
Lake Superiors,,,,,,
The Battle River Basin,,,,,,
Niagara Falls,,,,,,
The Gila River,,,,,,
the City of Camrose,,,,,,
Lloydminster,,,,,,
San Carlos Reservoir,,,,,,
Gila River,,,,,,
Harlem,,,,,,
Mexicos,,,,,,
Mount Saint Pa,,,,,,
Communications Earth,,,,,,
Kedarnath,,,,,,
e314,,,,,,
Yuba,,,,,,
Boore,,,,,,
Tateyama,,,,,,
weste,,,,,,
the Far North,,,,,,
Marysville,,,,,,
the Salmon River,,,,,,
Marriott Bonvoy,,,,,,
Arctic river,,,,,,
Enfield,,,,,,
Mini lake,,,,,,
Laurentide Ice Sheet,,,,,,
East x West,,,,,,
Dharamshala,,,,,,
Hamilton,,,,,,
Alpen Route,,,,,,
Central Otago,,,,,,
South Australia,,,,,,
Hanmer Springs,,,,,,
South Americas,,,,,,
South America,,,,,,
Protothema,,,,,,
the City of St. John’s,,,,,,
the City of St. Johns,,,,,,
Manila,,,,,,
Ottawa-Gatineau,,,,,,
KC,,,,,,
Southlands,,,,,,
Kanyakumari,,,,,,
Kuhmo,,,,,,
eastern Ontario,,,,,,
Lake Pkaki,,,,,,
Waitaki catchment,,,,,,
Benmore Dam,,,,,,
Rowland,,,,,,
Famous Mountains,,,,,,
sprea,,,,,,
New Jers,,,,,,
Montréal,,,,,,
Chengalpattu,,,,,,
Thiruvallur,,,,,,
Thoothukkudi,,,,,,
Tenkasi,,,,,,
N.B,,,,,,
Tamil Nadu,,,,,,
Western Slope,,,,,,
Atmospheric River,,,,,,
NKY,,,,,,
West coast,,,,,,
Northeast Coast,,,,,,
Mt,,,,,,
the Ocean State,,,,,,
Christm,,,,,,
Dickson Fjord,,,,,,
the Mojave Desert,,,,,,
colleg,,,,,,
Arai Mountain Resort,,,,,,
Sirmour,,,,,,
Niseko United,,,,,,
Illinois city,,,,,,
Richmond,,,,,,
Bhayandar,,,,,,
Dahisar Creek,,,,,,
Cumberland,,,,,,
Prince George,,,,,,
Nor’Easter,,,,,,
the Empire State,,,,,,
the Northwestern Wildcats,,,,,,
Sunda,,,,,,
the Catskill Mountains,,,,,,
Catskills,,,,,,
Louvre,,,,,,
New York City Facing Snowy Commute,,,,,,
Grand Rapids,,,,,,
The Northern Hemisphere,,,,,,
mid-Atlantic,,,,,,
PIEDMONT TRIAD,,,,,,
PIEDMONT,,,,,,
Cuddalore,,,,,,
Dahisar-Bhayandar Link Road,,,,,,
Gulf Islands,,,,,,
Lower Mainland,,,,,,
Appalachia,,,,,,
the Avalon Peninsula,,,,,,
the Northeastern U.S.,,,,,,
The East Coast,,,,,,
arctic air far south,,,,,,
Coldest City,,,,,,
Burbank,,,,,,
New Orleans,,,,,,
Lower Shore,,,,,,
the Tennessee Valley,,,,,,
Ishikari,,,,,,
NORTH CAROLINA,,,,,,
WEST LAFAYETTE,,,,,,
Venus,,,,,,
Mississippi State,,,,,,
New York City Airports,,,,,,
Trollstigen,,,,,,
temperat,,,,,,
North Kashmir’s,,,,,,
Burlington,,,,,,
Tri-Cities region,,,,,,
Al-Jawf,,,,,,
Kingdom,,,,,,
Wisco,,,,,,
The Atacama Desert,,,,,,
Gulf,,,,,,
Algeria,,,,,,
colonizat,,,,,,
Eastern Pennsylvania,,,,,,
South-Central Pa,,,,,,
Oakland,,,,,,
MPU,,,,,,
Pinstripe Bowl,,,,,,
the north Pacific,,,,,,
Wynnefield Heights,,,,,,
Susquehanna,,,,,,
the ⁠US northeast,,,,,,
the Finger Lakes,,,,,,
the Hudson River Valley,,,,,,
easte,,,,,,
Poonch,,,,,,
Kashmirs,,,,,,
Avalon,,,,,,
Burin,,,,,,
Bay of Exploits,,,,,,
New York s,,,,,,
Newark,,,,,,
Malmo,,,,,,
SundayABC7,,,,,,
"Yellowstone Lake
",,,,,,
Northern Texas,,,,,,
app</li,,,,,,
East Nantmea,,,,,,
Yarbo,,,,,,
the Gulf States,,,,,,
CINCINNATI,,,,,,
INDIANAPOLIS,,,,,,
La Niña,,,,,,
Nahur,,,,,,
Airoli,,,,,,
Boreal Mountain,,,,,,
Cal,,,,,,
Yellowstone National Park,,,,,,
the Northern Lig,,,,,,
Dam Battlegrounds,,,,,,
Stockholm,,,,,,
Frost Cove,,,,,,
Puget,,,,,,
Puget Sound,,,,,,
Seattle,,,,,,
Snohomish,,,,,,
King,,,,,,
Whatcom,,,,,,
Skagit,,,,,,
Belmont Park's,,,,,,
Frozen lake,,,,,,
Çıldır Lake,,,,,,
Çldr Lake,,,,,,
Icelandic,,,,,,
ofbo,,,,,,
Greater St. Louis,,,,,,
recor,,,,,,
Kenmount Terrace,,,,,,
New York State Police,,,,,,
Hudbay,,,,,,
Kodiak,,,,,,
Whistler Blackcomb,,,,,,
the Horstman Glacier,,,,,,
Polk County,,,,,,
Planet,,,,,,
MONTREAL,,,,,,
Sandy Bay,,,,,,
Lakeland,,,,,,
utopian city,,,,,,
Sierra Nevada,,,,,,
Wular Lake,,,,,,
Cambs,,,,,,
Kokomo,,,,,,
South Hayling,,,,,,
Hayling Island,,,,,,
Marriott,,,,,,
New Jersey’s,,,,,,
sidein Union,,,,,,
Upper West Side,,,,,,
New York Harbor,,,,,,
Sunset Park,,,,,,
li>7,,,,,,
Koraput,,,,,,
Laxmipur,,,,,,
Kutunipadar,,,,,,
Kutu,,,,,,
Melghat,,,,,,
Amravati,,,,,,
"\""horrific\""",,,,,,
Red Fort,,,,,,
Mecklenburg,,,,,,
Culver City,,,,,,
Wildcats,,,,,,
GS,,,,,,
Southern Ontario,,,,,,
Empire State,,,,,,
Michigan City,,,,,,
Getty,,,,,,
PvPvE,,,,,,
Jacksonville,,,,,,
MILWAUKEE,,,,,,
Miami Valley,,,,,,
the Miami Valley,,,,,,
Florida City,,,,,,
OTTAWA,,,,,,
the Granite City,,,,,,
South An,,,,,,
Atlético Madrid,,,,,,
Belem,,,,,,
Butler County,,,,,,
Swamp Lake,,,,,,
CALIFORNIA,,,,,,
Prokopyevsk,,,,,,
Kiselevsk,,,,,,
Leninsk-Kuzn,,,,,,
West Coast Rap Scene,,,,,,
NW Indiana,,,,,,
Lake County,,,,,,
Kankakee,,,,,,
South Central Los Ange,,,,,,
Chicagos,,,,,,
Serengeti,,,,,,
FANNIN COUNTY,,,,,,
Blue Ridge,,,,,,
Raj Bhavan,,,,,,
Cozy Earth,,,,,,
Miami,,,,,,
Sápmi,,,,,,
Northern Ireland's,,,,,,
Germanys,,,,,,
Iceland v Northern Ireland,,,,,,
the National Oceanic,,,,,,
Northern Rockies,,,,,,
Northern High Plains,,,,,,
Amarillo,,,,,,
the eastern seaboard,,,,,,
Myagdi,,,,,,
CYPRESS,,,,,,
Lomanthang,,,,,,
Korala,,,,,,
Indigenous Sámi,,,,,,
the Finnmark Plateau,,,,,,
Northern Norway,,,,,,
weatherClickOnDetroit,,,,,,
Lower Michigan,,,,,,
Labrador Sea,,,,,,
the Upper Peninsula,,,,,,
San…,,,,,,
the York County,,,,,,
MINNESOTA,,,,,,
WISCONSIN,,,,,,
Caparzo,,,,,,
Glenorchy,,,,,,
the Central U.S.,,,,,,
the Central U.s,,,,,,
the South Atlantic,,,,,,
the Atlantic Ocean,,,,,,
SOUTHFIELD,,,,,,
Tonawanda,,,,,,
Incline Village,,,,,,
Lonavala,,,,,,
DONEGAL,,,,,,
Waco,,,,,,
McLane Stadium,,,,,,
Québec City,,,,,,
St. Charles County,,,,,,
east,,,,,,
SAN DIEGO,,,,,,
Tawang,,,,,,
The Bay Area's,,,,,,
Irelands,,,,,,
North Cascades National Park,,,,,,
European Alpine,,,,,,
Uncompahgre Plateau,,,,,,
MONTROSE COUNTY,,,,,,
CAVAN,,,,,,
North Cascades,,,,,,
Pathivara Temple,,,,,,
Caithness,,,,,,
Ports-RUNE,,,,,,
Snow,,,,,,
Vantaa,,,,,,
the Scottish Highlands,,,,,,
Nort,,,,,,
North East,,,,,,
Panama,,,,,,
Kildare,,,,,,
Kilkenny,,,,,,
Laois,,,,,,
Longford,,,,,,
Meath,,,,,,
Floridas,,,,,,
New York State of Emergency,,,,,,
Erie County's,,,,,,
New Michigan,,,,,,
US South,,,,,,
Lewis,,,,,,
Oswego,,,,,,
Pangi,,,,,,
Benton,,,,,,
Winston-Salem,,,,,,
earth,,,,,,
Alpine ven,,,,,,
ORLANDO,,,,,,
Deadly Maine,,,,,,
Governors Island,,,,,,
snowfal,,,,,,
North America.</li><li,,,,,,
the North Hills,,,,,,
Hampton Township,,,,,,
Beaufort County,,,,,,
Winter Wonderland,,,,,,
MOSCOW,,,,,,
Ontario county,,,,,,
north Georgia,,,,,,
the Southeastern U.S.,,,,,,
Syria,,,,,,
Sicily,,,,,,
Saline County,,,,,,
San Antonio,,,,,,
the Chenab Valley,,,,,,
J&K,,,,,,
Kishtwar-Sansari road,,,,,,
Lahaul Spiti,,,,,,
North India,,,,,,
Jupiter,,,,,,
Gaza,,,,,,
Mass…,,,,,,
Des Peres,,,,,,
Socorro,,,,,,
the Mahoning Valley,,,,,,
Atlant,,,,,,
West Vir,,,,,,
Saratoga Spa State,,,,,,
Saratoga,,,,,,
Northwest Indiana,,,,,,
eastern United States,,,,,,
Indianapo,,,,,,
Jersey Shore,,,,,,
Monmouth,,,,,,
Ocean,,,,,,
Southern Rockies,,,,,,
Sudan,,,,,,
dayslong,,,,,,
Myers,,,,,,
Sea of Japan coast,,,,,,
Ysleta,,,,,,
KABUL,,,,,,
Emporia,,,,,,
Lyon County,,,,,,
North Jersey,,,,,,
Polymarket,,,,,,
North Strabane Township,,,,,,
PENNSYLVANIA,,,,,,
Aegean,,,,,,
Kathua district,,,,,,
Bvillage,,,,,,
Badrinath,,,,,,
Shimla,,,,,,
Shimla (Himachal Pradesh,,,,,,
West Texas,,,,,,
Thailand,,,,,,
the Queen City,,,,,,
CHARLOTTE,,,,,,
Hudson River,,,,,,
NEW HAVEN,,,,,,
Washington D.C.,,,,,,
East coast,,,,,,
upstate NY,,,,,,
PA,,,,,,
East Coast Blizzard,,,,,,
New York C,,,,,,
2026New Jersey,,,,,,
Far Rockaway,,,,,,
Rockaway,,,,,,
Queens,,,,,,
Pocono,,,,,,
Morningside Park,,,,,,
Midtown,,,,,,
Jersey City,,,,,,
Philly,,,,,,
East Shore,,,,,,
STATEN ISLAND,,,,,,
paramed,,,,,,
Montana City,,,,,,
Karnali Province,,,,,,
mountaino,,,,,,
Mount Washington Alpine Resort,,,,,,
Deer Park,,,,,,
Mass,,,,,,
Saba,,,,,,
Hernando,,,,,,
Newport,,,,,,
"the Northeast
",,,,,,
Idahos,,,,,,
ななしさん,,,,,,
East Helena,,,,,,
Saturday?WCNC Roads,,,,,,
Tug Hill,,,,,,
DMV,,,,,,
North Car,,,,,,
RUSSIA,,,,,,
Leggi TOKYO,,,,,,
Manali-Keylong,,,,,,
Pyeongchang,,,,,,
Nelson County,,,,,,
Nelson County S,,,,,,
the North Pacific,,,,,,
North Pacific,,,,,,
Bay Staters,,,,,,
SOUTH BURLINGTON,,,,,,
Mandi district,,,,,,
Challai,,,,,,
the Eastern Seaboard,,,,,,
the Augusta County,,,,,,
Gangtok,,,,,,
South Korea’s,,,,,,
east Ireland,,,,,,
Val d'Isere,,,,,,
Val di Fiemme,,,,,,
"Southeast
",,,,,,
Redding,,,,,,
Parklands,,,,,,
the Bay State,,,,,,
Haryana,,,,,,
Uttar Pradesh,,,,,,
Noida,,,,,,
Courmayeur,,,,,,
Wolves,,,,,,
Eastern Canada,,,,,,
Harris County,,,,,,
Katy,,,,,,
Monday Ireland,,,,,,
Little Cottonwood Canyon,,,,,,
Louth,,,,,,
Munster,,,,,,
Highland,,,,,,
Perth,,,,,,
Kinross,,,,,,
Aboyne,,,,,,
Belfast,,,,,,
Peterborough,,,,,,
Lincoln City,,,,,,
Peterborough United,,,,,,
the South West,,,,,,
midlands,,,,,,
Shetland,,,,,,
Eastern Europe,,,,,,
Chukchi Peninsula,,,,,,
New York County Goes Big To Dig Out,,,,,,
Mount Superior,,,,,,
Southern Sweden,,,,,,
Huntly,,,,,,
HONOLULU,,,,,,
KHON2,,,,,,
throughou,,,,,,
tw…,,,,,,
Phanerozoic,,,,,,
Northern US,,,,,,
Antwerp,,,,,,
Europes,,,,,,
the Netherlands,,,,,,
Belgium,,,,,,
Way,,,,,,
Grande Prairie,,,,,,
Meteo France,,,,,,
West Nawalparasi,,,,,,
Shinkansen,,,,,,
Bereshit,,,,,,
the Gulf Coast,,,,,,
Southern New Mexico,,,,,,
Ohio Valley,,,,,,
Mohawk Valley,,,,,,
SHENYANG,,,,,,
Shenb… SHENYANG,,,,,,
Budapest,,,,,,
Estonias,,,,,,
Most Advanced Telescopes,,,,,,
Western New York,,,,,,
Washington County,,,,,,
Narayangadh,,,,,,
Southeast Asia,,,,,,
North Temperatures,,,,,,
Hungary,,,,,,
the Middle East,,,,,,
Antrim,,,,,,
Armagh,,,,,,
Derry,,,,,,
Gush Dan,,,,,,
NEW YORK CITY,,,,,,
Squirrel Hill,,,,,,
Pittsburghs Squirrel Hill,,,,,,
Southe,,,,,,
Southcentral,,,,,,
Kilpisjärvi,,,,,,
Enontekiö,,,,,,
Northern IrelandTravel,,,,,,
Marble Bar,,,,,,
Jakarta,,,,,,
Central Texas,,,,,,
Petropavlovsk-Kamchatsky,,,,,,
Mercosur,,,,,,
Macon,,,,,,
Porvoo,,,,,,
"Middle East
",,,,,,
Mount Elbrus,,,,,,
Tarvisio,,,,,,
Pongau,,,,,,
Salzburg,,,,,,
the Florida Panhandle,,,,,,
Beijing,,,,,,
Uman,,,,,,
Danube,,,,,,
PENSACOLA,,,,,,
the Snowy State,,,,,,
Rome,,,,,,
Metro Atlanta,,,,,,
the White Mountains,,,,,,
Franconia,,,,,,
New Englands,,,,,,
Southeast coast,,,,,,
Panhandle,,,,,,
Chapman State Park,,,,,,
Warren County,,,,,,
Sahara Desert,,,,,,
Petersburg,,,,,,
North Queensland,,,,,,
EVANSVILLE,,,,,,
Paducah,,,,,,
Lorcana,,,,,,
Cedar Creek Gardens,,,,,,
South America's,,,,,,
NUUK,,,,,,
SCHIPHOL,,,,,,
Hamburg Germany,,,,,,
St... St. Louis Blues,,,,,,
the Frozen Chadar River,,,,,,
Chadar River,,,,,,
Italys Alpine,,,,,,
Isles,,,,,,
Powderhorn Mountain Resort,,,,,,
Svalbard,,,,,,
Staffordshire,,,,,,
Hanover,,,,,,
Arta,,,,,,
⁠northern Europe,,,,,,
Warm Beach,,,,,,
Dakar,,,,,,
Bremen,,,,,,
Alexandroupoli,,,,,,
Denmark,,,,,,
Messolonghi,,,,,,
Nafplio,,,,,,
Rio,,,,,,
Kittilä,,,,,,
Kittitas County,,,,,,
Zhangjiakou,,,,,,
Asheville,,,,,,
Maple Brook,,,,,,
Jerusalem,,,,,,
Jerusalem Mountains,,,,,,
West Bank,,,,,,
Swiss Alps,,,,,,
"Fannin, Union",,,,,,
tr><td></td><td></td><td></td></tr><tr><td,,,,,,
South Central Los Angeles,,,,,,
3211,,,,,,
