keyword,sentiment_mean,sentiment_std,subjectivity_mean,subjectivity_std,counting
'frost weather',-0.1454090431186778,0.8795330987983243,0.19643915458960465,0.9512077206673728,151.0
'road salt',0.07274628502016439,0.8006240655607014,-0.04689152144316083,0.9228635259588098,58.0
'slippery roads',-0.05926728295873333,0.9716644561415307,0.055318545342807196,0.9478792202763654,148.0
'snow climate change',0.04862152280589523,0.8628223345852037,0.0953310104533246,0.8304794470722302,152.0
'snow ice',-0.06869845033346612,0.9210725409284352,-0.01761231889703379,0.9221023547777746,278.0
'snow',0.03042138710601068,0.8915713398214323,0.022661329072857537,0.8959704641196555,1803.0
'snowfall',0.0023287653257460924,0.9313665888939341,0.10995908981971646,0.9334775039279735,423.0
'winter service',0.0667757869933828,0.9337747910702362,0.031593831270409,0.9653522208289164,153.0
veryUnusualAndNeverUsedKeyword,0.07592383821431074,0.9241153538024717,0.013317736092803845,1.2195636863975088,17.0
